model,task,method,budget,seed,run_id,em,f1,rougeL,n,peak_vram_gb,train_time_min,trainable_ratio,meta_file
gemma,dialogsum,dora,128,42,gemma_dialogsum_dora_b128_s42,,,0.2782068117310912,200,19.64687728881836,2.872771100203196,0.00814634675547139,/hpc2hdd/home/mliu954/projects/dsaa_peft/results/main/gemma_dialogsum_dora_b128_s42_meta.json
gemma,dialogsum,dora,128,43,gemma_dialogsum_dora_b128_s43,,,0.2677867107952722,200,19.64211654663086,2.8756508191426593,0.00814634675547139,/hpc2hdd/home/mliu954/projects/dsaa_peft/results/main/gemma_dialogsum_dora_b128_s43_meta.json
gemma,dialogsum,dora,2048,42,gemma_dialogsum_dora_b2048_s42,,,0.33046657596398016,200,19.64687728881836,44.514914894104,0.00814634675547139,/hpc2hdd/home/mliu954/projects/dsaa_peft/results/main/gemma_dialogsum_dora_b2048_s42_meta.json
gemma,dialogsum,dora,2048,43,gemma_dialogsum_dora_b2048_s43,,,0.3032990032222681,200,19.64211654663086,44.6749921242396,0.00814634675547139,/hpc2hdd/home/mliu954/projects/dsaa_peft/results/main/gemma_dialogsum_dora_b2048_s43_meta.json
gemma,dialogsum,dora,512,42,gemma_dialogsum_dora_b512_s42,,,0.2942720747545939,200,19.64687728881836,11.206695441404978,0.00814634675547139,/hpc2hdd/home/mliu954/projects/dsaa_peft/results/main/gemma_dialogsum_dora_b512_s42_meta.json
gemma,dialogsum,dora,512,43,gemma_dialogsum_dora_b512_s43,,,0.2980194281891928,200,19.64687728881836,11.205249774456025,0.00814634675547139,/hpc2hdd/home/mliu954/projects/dsaa_peft/results/main/gemma_dialogsum_dora_b512_s43_meta.json
gemma,dialogsum,ia3,128,42,gemma_dialogsum_ia3_b128_s42,,,0.25202964019053004,200,12.114957809448242,1.2065188844998678,0.00011200952629271868,/hpc2hdd/home/mliu954/projects/dsaa_peft/results/main/gemma_dialogsum_ia3_b128_s42_meta.json
gemma,dialogsum,ia3,128,43,gemma_dialogsum_ia3_b128_s43,,,0.2545455158874367,200,12.114957809448242,1.2069775263468425,0.00011200952629271868,/hpc2hdd/home/mliu954/projects/dsaa_peft/results/main/gemma_dialogsum_ia3_b128_s43_meta.json
gemma,dialogsum,ia3,2048,42,gemma_dialogsum_ia3_b2048_s42,,,0.27760612581778416,200,12.114957809448242,18.212618271509807,0.00011200952629271868,/hpc2hdd/home/mliu954/projects/dsaa_peft/results/main/gemma_dialogsum_ia3_b2048_s42_meta.json
gemma,dialogsum,ia3,2048,43,gemma_dialogsum_ia3_b2048_s43,,,0.27954246281933565,200,12.114957809448242,18.198514501253765,0.00011200952629271868,/hpc2hdd/home/mliu954/projects/dsaa_peft/results/main/gemma_dialogsum_ia3_b2048_s43_meta.json
gemma,dialogsum,ia3,512,42,gemma_dialogsum_ia3_b512_s42,,,0.29255687453184204,200,12.114957809448242,4.598544585704803,0.00011200952629271868,/hpc2hdd/home/mliu954/projects/dsaa_peft/results/main/gemma_dialogsum_ia3_b512_s42_meta.json
gemma,dialogsum,ia3,512,43,gemma_dialogsum_ia3_b512_s43,,,0.29193536219836225,200,12.114957809448242,4.5988300482432045,0.00011200952629271868,/hpc2hdd/home/mliu954/projects/dsaa_peft/results/main/gemma_dialogsum_ia3_b512_s43_meta.json
gemma,dialogsum,lora,128,42,gemma_dialogsum_lora_b128_s42,,,0.26770187974968956,200,13.14537525177002,1.5290900866190593,0.007880783333542205,/hpc2hdd/home/mliu954/projects/dsaa_peft/results/main/gemma_dialogsum_lora_b128_s42_meta.json
gemma,dialogsum,lora,128,43,gemma_dialogsum_lora_b128_s43,,,0.2647768644318733,200,13.14537525177002,1.5318929036458333,0.007880783333542205,/hpc2hdd/home/mliu954/projects/dsaa_peft/results/main/gemma_dialogsum_lora_b128_s43_meta.json
gemma,dialogsum,lora,2048,42,gemma_dialogsum_lora_b2048_s42,,,0.30228220578917836,200,13.14537525177002,23.44656494855881,0.007880783333542205,/hpc2hdd/home/mliu954/projects/dsaa_peft/results/main/gemma_dialogsum_lora_b2048_s42_meta.json
gemma,dialogsum,lora,2048,43,gemma_dialogsum_lora_b2048_s43,,,0.3115873110754597,200,13.14537525177002,23.18807578086853,0.007880783333542205,/hpc2hdd/home/mliu954/projects/dsaa_peft/results/main/gemma_dialogsum_lora_b2048_s43_meta.json
gemma,dialogsum,lora,512,42,gemma_dialogsum_lora_b512_s42,,,0.31009831084014133,200,13.14537525177002,5.903690393765768,0.007880783333542205,/hpc2hdd/home/mliu954/projects/dsaa_peft/results/main/gemma_dialogsum_lora_b512_s42_meta.json
gemma,dialogsum,lora,512,43,gemma_dialogsum_lora_b512_s43,,,0.31263701425264406,200,13.14537525177002,5.865270185470581,0.007880783333542205,/hpc2hdd/home/mliu954/projects/dsaa_peft/results/main/gemma_dialogsum_lora_b512_s43_meta.json
gemma,dialogsum,qlora,128,42,gemma_dialogsum_qlora_b128_s42,,,0.27320296022651297,200,7.646916389465332,3.262714954217275,0.012795499618359081,/hpc2hdd/home/mliu954/projects/dsaa_peft/results/main/gemma_dialogsum_qlora_b128_s42_meta.json
gemma,dialogsum,qlora,128,43,gemma_dialogsum_qlora_b128_s43,,,0.2701894274779313,200,7.646916389465332,3.258222234249115,0.012795499618359081,/hpc2hdd/home/mliu954/projects/dsaa_peft/results/main/gemma_dialogsum_qlora_b128_s43_meta.json
gemma,dialogsum,qlora,2048,42,gemma_dialogsum_qlora_b2048_s42,,,0.3316519785191604,200,7.646916389465332,50.70393801132838,0.012795499618359081,/hpc2hdd/home/mliu954/projects/dsaa_peft/results/main/gemma_dialogsum_qlora_b2048_s42_meta.json
gemma,dialogsum,qlora,2048,43,gemma_dialogsum_qlora_b2048_s43,,,0.31695889996442295,200,7.646916389465332,50.707748289903,0.012795499618359081,/hpc2hdd/home/mliu954/projects/dsaa_peft/results/main/gemma_dialogsum_qlora_b2048_s43_meta.json
gemma,dialogsum,qlora,512,42,gemma_dialogsum_qlora_b512_s42,,,0.3049919407879851,200,7.646916389465332,12.72726453145345,0.012795499618359081,/hpc2hdd/home/mliu954/projects/dsaa_peft/results/main/gemma_dialogsum_qlora_b512_s42_meta.json
gemma,dialogsum,qlora,512,43,gemma_dialogsum_qlora_b512_s43,,,0.3105294537639146,200,7.646916389465332,12.746632162729899,0.012795499618359081,/hpc2hdd/home/mliu954/projects/dsaa_peft/results/main/gemma_dialogsum_qlora_b512_s43_meta.json
gemma,gsm8k,dora,128,42,gemma_gsm8k_dora_b128_s42,0.065,,,200,19.64687728881836,2.873408003648122,0.00814634675547139,/hpc2hdd/home/mliu954/projects/dsaa_peft/results/main/gemma_gsm8k_dora_b128_s42_meta.json
gemma,gsm8k,dora,128,43,gemma_gsm8k_dora_b128_s43,0.085,,,200,19.64687728881836,2.8773565888404846,0.00814634675547139,/hpc2hdd/home/mliu954/projects/dsaa_peft/results/main/gemma_gsm8k_dora_b128_s43_meta.json
gemma,gsm8k,dora,2048,42,gemma_gsm8k_dora_b2048_s42,0.015,,,200,19.64687728881836,44.655287102858225,0.00814634675547139,/hpc2hdd/home/mliu954/projects/dsaa_peft/results/main/gemma_gsm8k_dora_b2048_s42_meta.json
gemma,gsm8k,dora,2048,43,gemma_gsm8k_dora_b2048_s43,0.015,,,200,19.64687728881836,44.67653874953588,0.00814634675547139,/hpc2hdd/home/mliu954/projects/dsaa_peft/results/main/gemma_gsm8k_dora_b2048_s43_meta.json
gemma,gsm8k,dora,512,42,gemma_gsm8k_dora_b512_s42,0.015,,,200,19.64687728881836,11.230625331401825,0.00814634675547139,/hpc2hdd/home/mliu954/projects/dsaa_peft/results/main/gemma_gsm8k_dora_b512_s42_meta.json
gemma,gsm8k,dora,512,43,gemma_gsm8k_dora_b512_s43,0.025,,,200,19.64687728881836,11.202217257022857,0.00814634675547139,/hpc2hdd/home/mliu954/projects/dsaa_peft/results/main/gemma_gsm8k_dora_b512_s43_meta.json
gemma,gsm8k,ia3,128,42,gemma_gsm8k_ia3_b128_s42,0.035,,,200,12.114957809448242,1.222144357363383,0.00011200952629271868,/hpc2hdd/home/mliu954/projects/dsaa_peft/results/main/gemma_gsm8k_ia3_b128_s42_meta.json
gemma,gsm8k,ia3,128,43,gemma_gsm8k_ia3_b128_s43,0.035,,,200,12.114957809448242,1.2061415910720825,0.00011200952629271868,/hpc2hdd/home/mliu954/projects/dsaa_peft/results/main/gemma_gsm8k_ia3_b128_s43_meta.json
gemma,gsm8k,ia3,2048,42,gemma_gsm8k_ia3_b2048_s42,0.04,,,200,12.114957809448242,18.19224157333374,0.00011200952629271868,/hpc2hdd/home/mliu954/projects/dsaa_peft/results/main/gemma_gsm8k_ia3_b2048_s42_meta.json
gemma,gsm8k,ia3,2048,43,gemma_gsm8k_ia3_b2048_s43,0.045,,,200,12.114957809448242,18.208626163005828,0.00011200952629271868,/hpc2hdd/home/mliu954/projects/dsaa_peft/results/main/gemma_gsm8k_ia3_b2048_s43_meta.json
gemma,gsm8k,ia3,512,42,gemma_gsm8k_ia3_b512_s42,0.055,,,200,12.114957809448242,4.610034052530924,0.00011200952629271868,/hpc2hdd/home/mliu954/projects/dsaa_peft/results/main/gemma_gsm8k_ia3_b512_s42_meta.json
gemma,gsm8k,ia3,512,43,gemma_gsm8k_ia3_b512_s43,0.06,,,200,12.114957809448242,4.6025041222572325,0.00011200952629271868,/hpc2hdd/home/mliu954/projects/dsaa_peft/results/main/gemma_gsm8k_ia3_b512_s43_meta.json
gemma,gsm8k,lora,128,42,gemma_gsm8k_lora_b128_s42,0.04,,,200,13.14537525177002,1.5945857087771098,0.007880783333542205,/hpc2hdd/home/mliu954/projects/dsaa_peft/results/main/gemma_gsm8k_lora_b128_s42_meta.json
gemma,gsm8k,lora,128,43,gemma_gsm8k_lora_b128_s43,0.035,,,200,13.14537525177002,1.5554463466008503,0.007880783333542205,/hpc2hdd/home/mliu954/projects/dsaa_peft/results/main/gemma_gsm8k_lora_b128_s43_meta.json
gemma,gsm8k,lora,2048,42,gemma_gsm8k_lora_b2048_s42,0.005,,,200,13.14537525177002,23.41946014960607,0.007880783333542205,/hpc2hdd/home/mliu954/projects/dsaa_peft/results/main/gemma_gsm8k_lora_b2048_s42_meta.json
gemma,gsm8k,lora,2048,43,gemma_gsm8k_lora_b2048_s43,0.01,,,200,13.14537525177002,23.22913476626078,0.007880783333542205,/hpc2hdd/home/mliu954/projects/dsaa_peft/results/main/gemma_gsm8k_lora_b2048_s43_meta.json
gemma,gsm8k,lora,512,42,gemma_gsm8k_lora_b512_s42,0.015,,,200,13.14537525177002,5.912218590577443,0.007880783333542205,/hpc2hdd/home/mliu954/projects/dsaa_peft/results/main/gemma_gsm8k_lora_b512_s42_meta.json
gemma,gsm8k,lora,512,43,gemma_gsm8k_lora_b512_s43,0.015,,,200,13.14537525177002,5.949613018830617,0.007880783333542205,/hpc2hdd/home/mliu954/projects/dsaa_peft/results/main/gemma_gsm8k_lora_b512_s43_meta.json
gemma,gsm8k,qlora,128,42,gemma_gsm8k_qlora_b128_s42,0.055,,,200,7.646916389465332,3.2424073934555055,0.012795499618359081,/hpc2hdd/home/mliu954/projects/dsaa_peft/results/main/gemma_gsm8k_qlora_b128_s42_meta.json
gemma,gsm8k,qlora,128,43,gemma_gsm8k_qlora_b128_s43,0.07,,,200,7.646916389465332,3.238379184405009,0.012795499618359081,/hpc2hdd/home/mliu954/projects/dsaa_peft/results/main/gemma_gsm8k_qlora_b128_s43_meta.json
gemma,gsm8k,qlora,2048,42,gemma_gsm8k_qlora_b2048_s42,0.01,,,200,7.646916389465332,50.90807061990102,0.012795499618359081,/hpc2hdd/home/mliu954/projects/dsaa_peft/results/main/gemma_gsm8k_qlora_b2048_s42_meta.json
gemma,gsm8k,qlora,2048,43,gemma_gsm8k_qlora_b2048_s43,0.025,,,200,7.646916389465332,50.671514840920764,0.012795499618359081,/hpc2hdd/home/mliu954/projects/dsaa_peft/results/main/gemma_gsm8k_qlora_b2048_s43_meta.json
gemma,gsm8k,qlora,512,42,gemma_gsm8k_qlora_b512_s42,0.015,,,200,7.646916389465332,12.724397027492524,0.012795499618359081,/hpc2hdd/home/mliu954/projects/dsaa_peft/results/main/gemma_gsm8k_qlora_b512_s42_meta.json
gemma,gsm8k,qlora,512,43,gemma_gsm8k_qlora_b512_s43,0.015,,,200,7.646916389465332,12.750546785195668,0.012795499618359081,/hpc2hdd/home/mliu954/projects/dsaa_peft/results/main/gemma_gsm8k_qlora_b512_s43_meta.json
gemma,squad_v2,dora,128,42,gemma_squad_v2_dora_b128_s42,0.3,0.4595014497026883,,200,19.64687728881836,2.876147536436717,0.00814634675547139,/hpc2hdd/home/mliu954/projects/dsaa_peft/results/main/gemma_squad_v2_dora_b128_s42_meta.json
gemma,squad_v2,dora,128,43,gemma_squad_v2_dora_b128_s43,0.32,0.466326852670893,,200,19.64211654663086,2.879141267140706,0.00814634675547139,/hpc2hdd/home/mliu954/projects/dsaa_peft/results/main/gemma_squad_v2_dora_b128_s43_meta.json
gemma,squad_v2,dora,2048,42,gemma_squad_v2_dora_b2048_s42,0.455,0.5376636431963665,,200,19.64687728881836,44.629780348141985,0.00814634675547139,/hpc2hdd/home/mliu954/projects/dsaa_peft/results/main/gemma_squad_v2_dora_b2048_s42_meta.json
gemma,squad_v2,dora,2048,43,gemma_squad_v2_dora_b2048_s43,0.495,0.5626669002050583,,200,19.64687728881836,44.5769864877065,0.00814634675547139,/hpc2hdd/home/mliu954/projects/dsaa_peft/results/main/gemma_squad_v2_dora_b2048_s43_meta.json
gemma,squad_v2,dora,512,42,gemma_squad_v2_dora_b512_s42,0.44,0.5328494651483784,,200,19.64211654663086,11.234588523705801,0.00814634675547139,/hpc2hdd/home/mliu954/projects/dsaa_peft/results/main/gemma_squad_v2_dora_b512_s42_meta.json
gemma,squad_v2,dora,512,43,gemma_squad_v2_dora_b512_s43,0.48,0.5751468253968255,,200,19.64687728881836,11.21437208255132,0.00814634675547139,/hpc2hdd/home/mliu954/projects/dsaa_peft/results/main/gemma_squad_v2_dora_b512_s43_meta.json
gemma,squad_v2,ia3,128,42,gemma_squad_v2_ia3_b128_s42,0.48,0.5467539682539683,,200,12.114957809448242,1.2074403285980224,0.00011200952629271868,/hpc2hdd/home/mliu954/projects/dsaa_peft/results/main/gemma_squad_v2_ia3_b128_s42_meta.json
gemma,squad_v2,ia3,128,43,gemma_squad_v2_ia3_b128_s43,0.485,0.5517539682539683,,200,12.114957809448242,1.206330450375875,0.00011200952629271868,/hpc2hdd/home/mliu954/projects/dsaa_peft/results/main/gemma_squad_v2_ia3_b128_s43_meta.json
gemma,squad_v2,ia3,2048,42,gemma_squad_v2_ia3_b2048_s42,0.465,0.5238968253968254,,200,12.114957809448242,18.20212306578954,0.00011200952629271868,/hpc2hdd/home/mliu954/projects/dsaa_peft/results/main/gemma_squad_v2_ia3_b2048_s42_meta.json
gemma,squad_v2,ia3,2048,43,gemma_squad_v2_ia3_b2048_s43,0.46,0.5255634920634921,,200,12.114957809448242,18.178229967753094,0.00011200952629271868,/hpc2hdd/home/mliu954/projects/dsaa_peft/results/main/gemma_squad_v2_ia3_b2048_s43_meta.json
gemma,squad_v2,ia3,512,42,gemma_squad_v2_ia3_b512_s42,0.485,0.548420634920635,,200,12.114957809448242,4.598754417896271,0.00011200952629271868,/hpc2hdd/home/mliu954/projects/dsaa_peft/results/main/gemma_squad_v2_ia3_b512_s42_meta.json
gemma,squad_v2,ia3,512,43,gemma_squad_v2_ia3_b512_s43,0.485,0.548420634920635,,200,12.114957809448242,4.597335728009542,0.00011200952629271868,/hpc2hdd/home/mliu954/projects/dsaa_peft/results/main/gemma_squad_v2_ia3_b512_s43_meta.json
gemma,squad_v2,lora,128,42,gemma_squad_v2_lora_b128_s42,0.19,0.4311758591986083,,200,13.14830493927002,1.534845801194509,0.007880783333542205,/hpc2hdd/home/mliu954/projects/dsaa_peft/results/main/gemma_squad_v2_lora_b128_s42_meta.json
gemma,squad_v2,lora,128,43,gemma_squad_v2_lora_b128_s43,0.255,0.4746706349206353,,200,13.14537525177002,1.5291072885195414,0.007880783333542205,/hpc2hdd/home/mliu954/projects/dsaa_peft/results/main/gemma_squad_v2_lora_b128_s43_meta.json
gemma,squad_v2,lora,2048,42,gemma_squad_v2_lora_b2048_s42,0.435,0.5252458673221059,,200,13.14537525177002,23.506461763381957,0.007880783333542205,/hpc2hdd/home/mliu954/projects/dsaa_peft/results/main/gemma_squad_v2_lora_b2048_s42_meta.json
gemma,squad_v2,lora,2048,43,gemma_squad_v2_lora_b2048_s43,0.46,0.5541663489577531,,200,13.14537525177002,23.236838269233704,0.007880783333542205,/hpc2hdd/home/mliu954/projects/dsaa_peft/results/main/gemma_squad_v2_lora_b2048_s43_meta.json
gemma,squad_v2,lora,512,42,gemma_squad_v2_lora_b512_s42,0.495,0.5701634513634516,,200,13.14537525177002,5.907090246677399,0.007880783333542205,/hpc2hdd/home/mliu954/projects/dsaa_peft/results/main/gemma_squad_v2_lora_b512_s42_meta.json
gemma,squad_v2,lora,512,43,gemma_squad_v2_lora_b512_s43,0.535,0.6106071428571429,,200,13.14537525177002,5.886237653096517,0.007880783333542205,/hpc2hdd/home/mliu954/projects/dsaa_peft/results/main/gemma_squad_v2_lora_b512_s43_meta.json
gemma,squad_v2,qlora,128,42,gemma_squad_v2_qlora_b128_s42,0.385,0.48236111111111113,,200,7.646916389465332,3.2390448530515035,0.012795499618359081,/hpc2hdd/home/mliu954/projects/dsaa_peft/results/main/gemma_squad_v2_qlora_b128_s42_meta.json
gemma,squad_v2,qlora,128,43,gemma_squad_v2_qlora_b128_s43,0.41,0.5035277777777778,,200,7.646916389465332,3.2601319869359333,0.012795499618359081,/hpc2hdd/home/mliu954/projects/dsaa_peft/results/main/gemma_squad_v2_qlora_b128_s43_meta.json
gemma,squad_v2,qlora,2048,42,gemma_squad_v2_qlora_b2048_s42,0.43,0.5073227006634802,,200,7.646916389465332,50.574675126870474,0.012795499618359081,/hpc2hdd/home/mliu954/projects/dsaa_peft/results/main/gemma_squad_v2_qlora_b2048_s42_meta.json
gemma,squad_v2,qlora,2048,43,gemma_squad_v2_qlora_b2048_s43,0.385,0.47212205408783353,,200,7.646916389465332,50.762979396184285,0.012795499618359081,/hpc2hdd/home/mliu954/projects/dsaa_peft/results/main/gemma_squad_v2_qlora_b2048_s43_meta.json
gemma,squad_v2,qlora,512,42,gemma_squad_v2_qlora_b512_s42,0.41,0.4925515873015875,,200,7.646916389465332,12.730397514502208,0.012795499618359081,/hpc2hdd/home/mliu954/projects/dsaa_peft/results/main/gemma_squad_v2_qlora_b512_s42_meta.json
gemma,squad_v2,qlora,512,43,gemma_squad_v2_qlora_b512_s43,0.42,0.5069449620427883,,200,7.646916389465332,12.765867861111959,0.012795499618359081,/hpc2hdd/home/mliu954/projects/dsaa_peft/results/main/gemma_squad_v2_qlora_b512_s43_meta.json
qwen,dialogsum,dora,128,42,qwen_dialogsum_dora_b128_s42,,,0.19533868572563384,200,23.16596794128418,3.45177005926768,0.009934780009014894,/hpc2hdd/home/mliu954/projects/dsaa_peft/results/main/qwen_dialogsum_dora_b128_s42_meta.json
qwen,dialogsum,dora,128,43,qwen_dialogsum_dora_b128_s43,,,0.19325829932573874,200,23.16596794128418,3.457900647322337,0.009934780009014894,/hpc2hdd/home/mliu954/projects/dsaa_peft/results/main/qwen_dialogsum_dora_b128_s43_meta.json
qwen,dialogsum,dora,2048,42,qwen_dialogsum_dora_b2048_s42,,,0.22845599447179668,200,23.16596794128418,53.7500780582428,0.009934780009014894,/hpc2hdd/home/mliu954/projects/dsaa_peft/results/main/qwen_dialogsum_dora_b2048_s42_meta.json
qwen,dialogsum,dora,2048,43,qwen_dialogsum_dora_b2048_s43,,,0.2308489132811767,200,23.16596794128418,53.89597883224487,0.009934780009014894,/hpc2hdd/home/mliu954/projects/dsaa_peft/results/main/qwen_dialogsum_dora_b2048_s43_meta.json
qwen,dialogsum,dora,512,42,qwen_dialogsum_dora_b512_s42,,,0.2139747456723611,200,23.16596794128418,13.529785346984863,0.009934780009014894,/hpc2hdd/home/mliu954/projects/dsaa_peft/results/main/qwen_dialogsum_dora_b512_s42_meta.json
qwen,dialogsum,dora,512,43,qwen_dialogsum_dora_b512_s43,,,0.21921343568028107,200,23.16596794128418,13.544229598840078,0.009934780009014894,/hpc2hdd/home/mliu954/projects/dsaa_peft/results/main/qwen_dialogsum_dora_b512_s43_meta.json
qwen,dialogsum,ia3,128,42,qwen_dialogsum_ia3_b128_s42,,,0.18312432041483395,200,12.712484359741211,1.066635505358378,0.0001343721684383333,/hpc2hdd/home/mliu954/projects/dsaa_peft/results/main/qwen_dialogsum_ia3_b128_s42_meta.json
qwen,dialogsum,ia3,128,43,qwen_dialogsum_ia3_b128_s43,,,0.1847662516561115,200,12.712484359741211,1.0731894532839457,0.0001343721684383333,/hpc2hdd/home/mliu954/projects/dsaa_peft/results/main/qwen_dialogsum_ia3_b128_s43_meta.json
qwen,dialogsum,ia3,2048,42,qwen_dialogsum_ia3_b2048_s42,,,0.19670192910503664,200,12.712484359741211,16.215647288163503,0.0001343721684383333,/hpc2hdd/home/mliu954/projects/dsaa_peft/results/main/qwen_dialogsum_ia3_b2048_s42_meta.json
qwen,dialogsum,ia3,2048,43,qwen_dialogsum_ia3_b2048_s43,,,0.19865464874990263,200,12.712484359741211,16.064592230319978,0.0001343721684383333,/hpc2hdd/home/mliu954/projects/dsaa_peft/results/main/qwen_dialogsum_ia3_b2048_s43_meta.json
qwen,dialogsum,ia3,512,42,qwen_dialogsum_ia3_b512_s42,,,0.19084492183907728,200,12.712484359741211,4.105059750874838,0.0001343721684383333,/hpc2hdd/home/mliu954/projects/dsaa_peft/results/main/qwen_dialogsum_ia3_b512_s42_meta.json
qwen,dialogsum,ia3,512,43,qwen_dialogsum_ia3_b512_s43,,,0.19157459604321242,200,12.712484359741211,4.048398574193318,0.0001343721684383333,/hpc2hdd/home/mliu954/projects/dsaa_peft/results/main/qwen_dialogsum_ia3_b512_s43_meta.json
qwen,dialogsum,lora,128,42,qwen_dialogsum_lora_b128_s42,,,0.21320599691269077,200,14.058740615844727,1.7155586043993631,0.009606802057548793,/hpc2hdd/home/mliu954/projects/dsaa_peft/results/main/qwen_dialogsum_lora_b128_s42_meta.json
qwen,dialogsum,lora,128,43,qwen_dialogsum_lora_b128_s43,,,0.2130305372268292,200,14.058740615844727,1.710697849591573,0.009606802057548793,/hpc2hdd/home/mliu954/projects/dsaa_peft/results/main/qwen_dialogsum_lora_b128_s43_meta.json
qwen,dialogsum,lora,2048,42,qwen_dialogsum_lora_b2048_s42,,,0.21474492566189085,200,14.058740615844727,25.523097022374472,0.009606802057548793,/hpc2hdd/home/mliu954/projects/dsaa_peft/results/main/qwen_dialogsum_lora_b2048_s42_meta.json
qwen,dialogsum,lora,2048,43,qwen_dialogsum_lora_b2048_s43,,,0.21624436348122078,200,14.058740615844727,26.039410654703776,0.009606802057548793,/hpc2hdd/home/mliu954/projects/dsaa_peft/results/main/qwen_dialogsum_lora_b2048_s43_meta.json
qwen,dialogsum,lora,512,42,qwen_dialogsum_lora_b512_s42,,,0.20791492964592365,200,14.058740615844727,6.397277478377024,0.009606802057548793,/hpc2hdd/home/mliu954/projects/dsaa_peft/results/main/qwen_dialogsum_lora_b512_s42_meta.json
qwen,dialogsum,lora,512,43,qwen_dialogsum_lora_b512_s43,,,0.2134804692168877,200,14.058740615844727,6.430355481306711,0.009606802057548793,/hpc2hdd/home/mliu954/projects/dsaa_peft/results/main/qwen_dialogsum_lora_b512_s43_meta.json
qwen,dialogsum,qlora,128,42,qwen_dialogsum_qlora_b128_s42,,,0.1916270429783565,200,5.001758098602295,3.390540317694346,0.01731659174973876,/hpc2hdd/home/mliu954/projects/dsaa_peft/results/main/qwen_dialogsum_qlora_b128_s42_meta.json
qwen,dialogsum,qlora,128,43,qwen_dialogsum_qlora_b128_s43,,,0.19184689588289033,200,5.001758098602295,3.3981299797693887,0.01731659174973876,/hpc2hdd/home/mliu954/projects/dsaa_peft/results/main/qwen_dialogsum_qlora_b128_s43_meta.json
qwen,dialogsum,qlora,2048,42,qwen_dialogsum_qlora_b2048_s42,,,0.20520193636259287,200,5.001758098602295,54.777330708503726,0.01731659174973876,/hpc2hdd/home/mliu954/projects/dsaa_peft/results/main/qwen_dialogsum_qlora_b2048_s42_meta.json
qwen,dialogsum,qlora,2048,43,qwen_dialogsum_qlora_b2048_s43,,,0.20908796164801302,200,5.001758098602295,54.45158632993698,0.01731659174973876,/hpc2hdd/home/mliu954/projects/dsaa_peft/results/main/qwen_dialogsum_qlora_b2048_s43_meta.json
qwen,dialogsum,qlora,512,42,qwen_dialogsum_qlora_b512_s42,,,0.2240911291906346,200,5.001758098602295,13.396242594718933,0.01731659174973876,/hpc2hdd/home/mliu954/projects/dsaa_peft/results/main/qwen_dialogsum_qlora_b512_s42_meta.json
qwen,dialogsum,qlora,512,43,qwen_dialogsum_qlora_b512_s43,,,0.22256985984306546,200,5.001758098602295,13.399373539288838,0.01731659174973876,/hpc2hdd/home/mliu954/projects/dsaa_peft/results/main/qwen_dialogsum_qlora_b512_s43_meta.json
qwen,gsm8k,dora,128,42,qwen_gsm8k_dora_b128_s42,0.025,,,200,23.16596794128418,3.506715488433838,0.009934780009014894,/hpc2hdd/home/mliu954/projects/dsaa_peft/results/main/qwen_gsm8k_dora_b128_s42_meta.json
qwen,gsm8k,dora,128,43,qwen_gsm8k_dora_b128_s43,0.02,,,200,23.16596794128418,3.53775341908137,0.009934780009014894,/hpc2hdd/home/mliu954/projects/dsaa_peft/results/main/qwen_gsm8k_dora_b128_s43_meta.json
qwen,gsm8k,dora,2048,42,qwen_gsm8k_dora_b2048_s42,0.02,,,200,23.16596794128418,53.76601814826329,0.009934780009014894,/hpc2hdd/home/mliu954/projects/dsaa_peft/results/main/qwen_gsm8k_dora_b2048_s42_meta.json
qwen,gsm8k,dora,2048,43,qwen_gsm8k_dora_b2048_s43,0.02,,,200,23.16596794128418,53.88994338909785,0.009934780009014894,/hpc2hdd/home/mliu954/projects/dsaa_peft/results/main/qwen_gsm8k_dora_b2048_s43_meta.json
qwen,gsm8k,dora,512,42,qwen_gsm8k_dora_b512_s42,0.02,,,200,23.16596794128418,13.629002157847086,0.009934780009014894,/hpc2hdd/home/mliu954/projects/dsaa_peft/results/main/qwen_gsm8k_dora_b512_s42_meta.json
qwen,gsm8k,dora,512,43,qwen_gsm8k_dora_b512_s43,0.015,,,200,23.16596794128418,13.544191881020863,0.009934780009014894,/hpc2hdd/home/mliu954/projects/dsaa_peft/results/main/qwen_gsm8k_dora_b512_s43_meta.json
qwen,gsm8k,ia3,128,42,qwen_gsm8k_ia3_b128_s42,0.01,,,200,12.712484359741211,1.1121928056081136,0.0001343721684383333,/hpc2hdd/home/mliu954/projects/dsaa_peft/results/main/qwen_gsm8k_ia3_b128_s42_meta.json
qwen,gsm8k,ia3,128,43,qwen_gsm8k_ia3_b128_s43,0.02,,,200,12.712484359741211,1.060020426909129,0.0001343721684383333,/hpc2hdd/home/mliu954/projects/dsaa_peft/results/main/qwen_gsm8k_ia3_b128_s43_meta.json
qwen,gsm8k,ia3,2048,42,qwen_gsm8k_ia3_b2048_s42,0.02,,,200,12.712484359741211,16.16299412250519,0.0001343721684383333,/hpc2hdd/home/mliu954/projects/dsaa_peft/results/main/qwen_gsm8k_ia3_b2048_s42_meta.json
qwen,gsm8k,ia3,2048,43,qwen_gsm8k_ia3_b2048_s43,0.03,,,200,12.712484359741211,16.050222074985506,0.0001343721684383333,/hpc2hdd/home/mliu954/projects/dsaa_peft/results/main/qwen_gsm8k_ia3_b2048_s43_meta.json
qwen,gsm8k,ia3,512,42,qwen_gsm8k_ia3_b512_s42,0.025,,,200,12.712484359741211,4.092848765850067,0.0001343721684383333,/hpc2hdd/home/mliu954/projects/dsaa_peft/results/main/qwen_gsm8k_ia3_b512_s42_meta.json
qwen,gsm8k,ia3,512,43,qwen_gsm8k_ia3_b512_s43,0.015,,,200,12.712484359741211,4.04339828491211,0.0001343721684383333,/hpc2hdd/home/mliu954/projects/dsaa_peft/results/main/qwen_gsm8k_ia3_b512_s43_meta.json
qwen,gsm8k,lora,128,42,qwen_gsm8k_lora_b128_s42,0.015,,,200,14.058740615844727,1.726363730430603,0.009606802057548793,/hpc2hdd/home/mliu954/projects/dsaa_peft/results/main/qwen_gsm8k_lora_b128_s42_meta.json
qwen,gsm8k,lora,128,43,qwen_gsm8k_lora_b128_s43,0.02,,,200,14.058740615844727,1.7116581757863363,0.009606802057548793,/hpc2hdd/home/mliu954/projects/dsaa_peft/results/main/qwen_gsm8k_lora_b128_s43_meta.json
qwen,gsm8k,lora,2048,42,qwen_gsm8k_lora_b2048_s42,0.025,,,200,14.058740615844727,26.05406618118286,0.009606802057548793,/hpc2hdd/home/mliu954/projects/dsaa_peft/results/main/qwen_gsm8k_lora_b2048_s42_meta.json
qwen,gsm8k,lora,2048,43,qwen_gsm8k_lora_b2048_s43,0.005,,,200,14.058740615844727,25.306849825382233,0.009606802057548793,/hpc2hdd/home/mliu954/projects/dsaa_peft/results/main/qwen_gsm8k_lora_b2048_s43_meta.json
qwen,gsm8k,lora,512,42,qwen_gsm8k_lora_b512_s42,0.02,,,200,14.058740615844727,6.613798463344574,0.009606802057548793,/hpc2hdd/home/mliu954/projects/dsaa_peft/results/main/qwen_gsm8k_lora_b512_s42_meta.json
qwen,gsm8k,lora,512,43,qwen_gsm8k_lora_b512_s43,0.01,,,200,14.058740615844727,6.560147492090861,0.009606802057548793,/hpc2hdd/home/mliu954/projects/dsaa_peft/results/main/qwen_gsm8k_lora_b512_s43_meta.json
qwen,gsm8k,qlora,128,42,qwen_gsm8k_qlora_b128_s42,0.02,,,200,5.001758098602295,3.443860681851705,0.01731659174973876,/hpc2hdd/home/mliu954/projects/dsaa_peft/results/main/qwen_gsm8k_qlora_b128_s42_meta.json
qwen,gsm8k,qlora,128,43,qwen_gsm8k_qlora_b128_s43,0.04,,,200,5.001758098602295,3.398115885257721,0.01731659174973876,/hpc2hdd/home/mliu954/projects/dsaa_peft/results/main/qwen_gsm8k_qlora_b128_s43_meta.json
qwen,gsm8k,qlora,2048,42,qwen_gsm8k_qlora_b2048_s42,0.035,,,200,5.001758098602295,53.52947945197423,0.01731659174973876,/hpc2hdd/home/mliu954/projects/dsaa_peft/results/main/qwen_gsm8k_qlora_b2048_s42_meta.json
qwen,gsm8k,qlora,2048,43,qwen_gsm8k_qlora_b2048_s43,0.02,,,200,5.001758098602295,53.41950614452362,0.01731659174973876,/hpc2hdd/home/mliu954/projects/dsaa_peft/results/main/qwen_gsm8k_qlora_b2048_s43_meta.json
qwen,gsm8k,qlora,512,42,qwen_gsm8k_qlora_b512_s42,0.025,,,200,5.001758098602295,13.370020548502604,0.01731659174973876,/hpc2hdd/home/mliu954/projects/dsaa_peft/results/main/qwen_gsm8k_qlora_b512_s42_meta.json
qwen,gsm8k,qlora,512,43,qwen_gsm8k_qlora_b512_s43,0.045,,,200,5.001758098602295,13.414916563034058,0.01731659174973876,/hpc2hdd/home/mliu954/projects/dsaa_peft/results/main/qwen_gsm8k_qlora_b512_s43_meta.json
qwen,squad_v2,dora,128,42,qwen_squad_v2_dora_b128_s42,0.0,0.0979491692932632,,200,23.16596794128418,3.46180606285731,0.009934780009014894,/hpc2hdd/home/mliu954/projects/dsaa_peft/results/main/qwen_squad_v2_dora_b128_s42_meta.json
qwen,squad_v2,dora,128,43,qwen_squad_v2_dora_b128_s43,0.0,0.09616791280266156,,200,23.16596794128418,3.477397898832957,0.009934780009014894,/hpc2hdd/home/mliu954/projects/dsaa_peft/results/main/qwen_squad_v2_dora_b128_s43_meta.json
qwen,squad_v2,dora,2048,42,qwen_squad_v2_dora_b2048_s42,0.0,0.09421654033362868,,200,23.16596794128418,53.687532512346905,0.009934780009014894,/hpc2hdd/home/mliu954/projects/dsaa_peft/results/main/qwen_squad_v2_dora_b2048_s42_meta.json
qwen,squad_v2,dora,2048,43,qwen_squad_v2_dora_b2048_s43,0.0,0.08984481144593866,,200,23.16596794128418,53.914031255245206,0.009934780009014894,/hpc2hdd/home/mliu954/projects/dsaa_peft/results/main/qwen_squad_v2_dora_b2048_s43_meta.json
qwen,squad_v2,dora,512,42,qwen_squad_v2_dora_b512_s42,0.0,0.1014964318637793,,200,23.16596794128418,13.504520881175996,0.009934780009014894,/hpc2hdd/home/mliu954/projects/dsaa_peft/results/main/qwen_squad_v2_dora_b512_s42_meta.json
qwen,squad_v2,dora,512,43,qwen_squad_v2_dora_b512_s43,0.0,0.08219254463623141,,200,23.16596794128418,13.508596618970236,0.009934780009014894,/hpc2hdd/home/mliu954/projects/dsaa_peft/results/main/qwen_squad_v2_dora_b512_s43_meta.json
qwen,squad_v2,ia3,128,42,qwen_squad_v2_ia3_b128_s42,0.0,0.09108466221639532,,200,12.712484359741211,1.0739062786102296,0.0001343721684383333,/hpc2hdd/home/mliu954/projects/dsaa_peft/results/main/qwen_squad_v2_ia3_b128_s42_meta.json
qwen,squad_v2,ia3,128,43,qwen_squad_v2_ia3_b128_s43,0.0,0.09254522292990451,,200,12.712484359741211,1.066090178489685,0.0001343721684383333,/hpc2hdd/home/mliu954/projects/dsaa_peft/results/main/qwen_squad_v2_ia3_b128_s43_meta.json
qwen,squad_v2,ia3,2048,42,qwen_squad_v2_ia3_b2048_s42,0.0,0.08471567566632182,,200,12.712484359741211,16.041014397144316,0.0001343721684383333,/hpc2hdd/home/mliu954/projects/dsaa_peft/results/main/qwen_squad_v2_ia3_b2048_s42_meta.json
qwen,squad_v2,ia3,2048,43,qwen_squad_v2_ia3_b2048_s43,0.0,0.0857996607567512,,200,12.712484359741211,16.104582154750823,0.0001343721684383333,/hpc2hdd/home/mliu954/projects/dsaa_peft/results/main/qwen_squad_v2_ia3_b2048_s43_meta.json
qwen,squad_v2,ia3,512,42,qwen_squad_v2_ia3_b512_s42,0.0,0.0893617313017783,,200,12.712484359741211,4.129080724716187,0.0001343721684383333,/hpc2hdd/home/mliu954/projects/dsaa_peft/results/main/qwen_squad_v2_ia3_b512_s42_meta.json
qwen,squad_v2,ia3,512,43,qwen_squad_v2_ia3_b512_s43,0.0,0.08945409503352825,,200,12.712484359741211,4.054722205797831,0.0001343721684383333,/hpc2hdd/home/mliu954/projects/dsaa_peft/results/main/qwen_squad_v2_ia3_b512_s43_meta.json
qwen,squad_v2,lora,128,42,qwen_squad_v2_lora_b128_s42,0.0,0.11996009392486022,,200,14.058740615844727,1.6961092988650004,0.009606802057548793,/hpc2hdd/home/mliu954/projects/dsaa_peft/results/main/qwen_squad_v2_lora_b128_s42_meta.json
qwen,squad_v2,lora,128,43,qwen_squad_v2_lora_b128_s43,0.0,0.1324219918678688,,200,14.058740615844727,1.7005379597345989,0.009606802057548793,/hpc2hdd/home/mliu954/projects/dsaa_peft/results/main/qwen_squad_v2_lora_b128_s43_meta.json
qwen,squad_v2,lora,2048,42,qwen_squad_v2_lora_b2048_s42,0.0,0.08784781197200758,,200,14.058740615844727,26.09084097146988,0.009606802057548793,/hpc2hdd/home/mliu954/projects/dsaa_peft/results/main/qwen_squad_v2_lora_b2048_s42_meta.json
qwen,squad_v2,lora,2048,43,qwen_squad_v2_lora_b2048_s43,0.0,0.09069846259355266,,200,14.058740615844727,26.02292367617289,0.009606802057548793,/hpc2hdd/home/mliu954/projects/dsaa_peft/results/main/qwen_squad_v2_lora_b2048_s43_meta.json
qwen,squad_v2,lora,512,42,qwen_squad_v2_lora_b512_s42,0.0,0.10745868383758733,,200,14.058740615844727,6.5759933630625405,0.009606802057548793,/hpc2hdd/home/mliu954/projects/dsaa_peft/results/main/qwen_squad_v2_lora_b512_s42_meta.json
qwen,squad_v2,lora,512,43,qwen_squad_v2_lora_b512_s43,0.0,0.10929373124333068,,200,14.058740615844727,6.492471667130788,0.009606802057548793,/hpc2hdd/home/mliu954/projects/dsaa_peft/results/main/qwen_squad_v2_lora_b512_s43_meta.json
qwen,squad_v2,qlora,128,42,qwen_squad_v2_qlora_b128_s42,0.0,0.0949086047960155,,200,5.001758098602295,3.451299504439036,0.01731659174973876,/hpc2hdd/home/mliu954/projects/dsaa_peft/results/main/qwen_squad_v2_qlora_b128_s42_meta.json
qwen,squad_v2,qlora,128,43,qwen_squad_v2_qlora_b128_s43,0.0,0.09454990465642286,,200,5.001758098602295,3.5007946133613586,0.01731659174973876,/hpc2hdd/home/mliu954/projects/dsaa_peft/results/main/qwen_squad_v2_qlora_b128_s43_meta.json
qwen,squad_v2,qlora,2048,42,qwen_squad_v2_qlora_b2048_s42,0.0,0.06507396893089105,,200,5.001758098602295,54.07577362060547,0.01731659174973876,/hpc2hdd/home/mliu954/projects/dsaa_peft/results/main/qwen_squad_v2_qlora_b2048_s42_meta.json
qwen,squad_v2,qlora,2048,43,qwen_squad_v2_qlora_b2048_s43,0.0,0.08064432922038244,,200,5.001758098602295,53.85048592885335,0.01731659174973876,/hpc2hdd/home/mliu954/projects/dsaa_peft/results/main/qwen_squad_v2_qlora_b2048_s43_meta.json
qwen,squad_v2,qlora,512,42,qwen_squad_v2_qlora_b512_s42,0.0,0.08402855196395706,,200,5.001758098602295,13.603518573443095,0.01731659174973876,/hpc2hdd/home/mliu954/projects/dsaa_peft/results/main/qwen_squad_v2_qlora_b512_s42_meta.json
qwen,squad_v2,qlora,512,43,qwen_squad_v2_qlora_b512_s43,0.0,0.06035888312006565,,200,5.001758098602295,13.659921562671661,0.01731659174973876,/hpc2hdd/home/mliu954/projects/dsaa_peft/results/main/qwen_squad_v2_qlora_b512_s43_meta.json
